timestamp,filename,epochlengthinseconds,serialnumber,axis1,axis2,axis3,steps,lux,vectormagnitude,capsense,inclineoff,inclinestanding,inclinesitting,inclinelying,gender,dominance,subjectname
2022-05-10 09:30:00,C:\Users\DEF-UFRN\Documents\ActiGraph\GEPEFIC - VALIDAÇÃO ACTTRUST\GEPEFIC 38 (2022-05-10)1sec60sec.agd,60,MOS2E22180147,0,0,0,0,0,0,0,0,60,0,0,Undefined,Non-Dominant,GEPEFIC 38
2022-05-10 09:31:00,C:\Users\DEF-UFRN\Documents\ActiGraph\GEPEFIC - VALIDAÇÃO ACTTRUST\GEPEFIC 38 (2022-05-10)1sec60sec.agd,60,MOS2E22180147,0,0,0,0,0,0,0,0,60,0,0,Undefined,Non-Dominant,GEPEFIC 38
2022-05-10 09:32:00,C:\Users\DEF-UFRN\Documents\ActiGraph\GEPEFIC - VALIDAÇÃO ACTTRUST\GEPEFIC 38 (2022-05-10)1sec60sec.agd,60,MOS2E22180147,0,0,0,0,0,0,0,0,60,0,0,Undefined,Non-Dominant,GEPEFIC 38
2022-05-10 09:33:00,C:\Users\DEF-UFRN\Documents\ActiGraph\GEPEFIC - VALIDAÇÃO ACTTRUST\GEPEFIC 38 (2022-05-10)1sec60sec.agd,60,MOS2E22180147,0,0,0,0,0,0,0,59,1,0,0,Undefined,Non-Dominant,GEPEFIC 38
2022-05-10 09:34:00,C:\Users\DEF-UFRN\Documents\ActiGraph\GEPEFIC - VALIDAÇÃO ACTTRUST\GEPEFIC 38 (2022-05-10)1sec60sec.agd,60,MOS2E22180147,0,0,0,0,0,0,0,60,0,0,0,Undefined,Non-Dominant,GEPEFIC 38
2022-05-10 09:35:00,C:\Users\DEF-UFRN\Documents\ActiGraph\GEPEFIC - VALIDAÇÃO ACTTRUST\GEPEFIC 38 (2022-05-10)1sec60sec.agd,60,MOS2E22180147,0,0,0,0,0,0,0,60,0,0,0,Undefined,Non-Dominant,GEPEFIC 38
2022-05-10 09:36:00,C:\Users\DEF-UFRN\Documents\ActiGraph\GEPEFIC - VALIDAÇÃO ACTTRUST\GEPEFIC 38 (2022-05-10)1sec60sec.agd,60,MOS2E22180147,0,0,0,0,0,0,0,60,0,0,0,Undefined,Non-Dominant,GEPEFIC 38
2022-05-10 09:37:00,C:\Users\DEF-UFRN\Documents\ActiGraph\GEPEFIC - VALIDAÇÃO ACTTRUST\GEPEFIC 38 (2022-05-10)1sec60sec.agd,60,MOS2E22180147,0,0,0,0,0,0,0,60,0,0,0,Undefined,Non-Dominant,GEPEFIC 38
2022-05-10 09:38:00,C:\Users\DEF-UFRN\Documents\ActiGraph\GEPEFIC - VALIDAÇÃO ACTTRUST\GEPEFIC 38 (2022-05-10)1sec60sec.agd,60,MOS2E22180147,0,0,0,0,0,0,0,60,0,0,0,Undefined,Non-Dominant,GEPEFIC 38
2022-05-10 09:39:00,C:\Users\DEF-UFRN\Documents\ActiGraph\GEPEFIC - VALIDAÇÃO ACTTRUST\GEPEFIC 38 (2022-05-10)1sec60sec.agd,60,MOS2E22180147,0,0,0,0,0,0,0,60,0,0,0,Undefined,Non-Dominant,GEPEFIC 38
2022-05-10 09:40:00,C:\Users\DEF-UFRN\Documents\ActiGraph\GEPEFIC - VALIDAÇÃO ACTTRUST\GEPEFIC 38 (2022-05-10)1sec60sec.agd,60,MOS2E22180147,0,0,0,0,0,0,0,60,0,0,0,Undefined,Non-Dominant,GEPEFIC 38
2022-05-10 09:41:00,C:\Users\DEF-UFRN\Documents\ActiGraph\GEPEFIC - VALIDAÇÃO ACTTRUST\GEPEFIC 38 (2022-05-10)1sec60sec.agd,60,MOS2E22180147,0,0,0,0,0,0,0,60,0,0,0,Undefined,Non-Dominant,GEPEFIC 38
2022-05-10 09:42:00,C:\Users\DEF-UFRN\Documents\ActiGraph\GEPEFIC - VALIDAÇÃO ACTTRUST\GEPEFIC 38 (2022-05-10)1sec60sec.agd,60,MOS2E22180147,0,0,0,0,0,0,0,60,0,0,0,Undefined,Non-Dominant,GEPEFIC 38
2022-05-10 09:43:00,C:\Users\DEF-UFRN\Documents\ActiGraph\GEPEFIC - VALIDAÇÃO ACTTRUST\GEPEFIC 38 (2022-05-10)1sec60sec.agd,60,MOS2E22180147,0,33,28,0,0,"43,28",0,51,9,0,0,Undefined,Non-Dominant,GEPEFIC 38
2022-05-10 09:44:00,C:\Users\DEF-UFRN\Documents\ActiGraph\GEPEFIC - VALIDAÇÃO ACTTRUST\GEPEFIC 38 (2022-05-10)1sec60sec.agd,60,MOS2E22180147,0,0,0,0,0,0,0,0,60,0,0,Undefined,Non-Dominant,GEPEFIC 38
2022-05-10 09:45:00,C:\Users\DEF-UFRN\Documents\ActiGraph\GEPEFIC - VALIDAÇÃO ACTTRUST\GEPEFIC 38 (2022-05-10)1sec60sec.agd,60,MOS2E22180147,0,0,0,0,0,0,0,0,60,0,0,Undefined,Non-Dominant,GEPEFIC 38
2022-05-10 09:46:00,C:\Users\DEF-UFRN\Documents\ActiGraph\GEPEFIC - VALIDAÇÃO ACTTRUST\GEPEFIC 38 (2022-05-10)1sec60sec.agd,60,MOS2E22180147,0,0,0,0,0,0,0,7,53,0,0,Undefined,Non-Dominant,GEPEFIC 38
2022-05-10 09:47:00,C:\Users\DEF-UFRN\Documents\ActiGraph\GEPEFIC - VALIDAÇÃO ACTTRUST\GEPEFIC 38 (2022-05-10)1sec60sec.agd,60,MOS2E22180147,395,149,194,1,0,"464,61",0,51,7,2,0,Undefined,Non-Dominant,GEPEFIC 38
2022-05-10 09:48:00,C:\Users\DEF-UFRN\Documents\ActiGraph\GEPEFIC - VALIDAÇÃO ACTTRUST\GEPEFIC 38 (2022-05-10)1sec60sec.agd,60,MOS2E22180147,1123,674,582,5,0,"1433,22",0,0,60,0,0,Undefined,Non-Dominant,GEPEFIC 38
2022-05-10 09:49:00,C:\Users\DEF-UFRN\Documents\ActiGraph\GEPEFIC - VALIDAÇÃO ACTTRUST\GEPEFIC 38 (2022-05-10)1sec60sec.agd,60,MOS2E22180147,0,0,0,0,0,0,0,0,60,0,0,Undefined,Non-Dominant,GEPEFIC 38
2022-05-10 09:50:00,C:\Users\DEF-UFRN\Documents\ActiGraph\GEPEFIC - VALIDAÇÃO ACTTRUST\GEPEFIC 38 (2022-05-10)1sec60sec.agd,60,MOS2E22180147,0,0,0,0,0,0,0,0,60,0,0,Undefined,Non-Dominant,GEPEFIC 38
2022-05-10 09:51:00,C:\Users\DEF-UFRN\Documents\ActiGraph\GEPEFIC - VALIDAÇÃO ACTTRUST\GEPEFIC 38 (2022-05-10)1sec60sec.agd,60,MOS2E22180147,0,0,0,0,0,0,0,47,13,0,0,Undefined,Non-Dominant,GEPEFIC 38
2022-05-10 09:52:00,C:\Users\DEF-UFRN\Documents\ActiGraph\GEPEFIC - VALIDAÇÃO ACTTRUST\GEPEFIC 38 (2022-05-10)1sec60sec.agd,60,MOS2E22180147,0,0,0,0,0,0,0,60,0,0,0,Undefined,Non-Dominant,GEPEFIC 38
2022-05-10 09:53:00,C:\Users\DEF-UFRN\Documents\ActiGraph\GEPEFIC - VALIDAÇÃO ACTTRUST\GEPEFIC 38 (2022-05-10)1sec60sec.agd,60,MOS2E22180147,0,0,0,0,0,0,0,60,0,0,0,Undefined,Non-Dominant,GEPEFIC 38
2022-05-10 09:54:00,C:\Users\DEF-UFRN\Documents\ActiGraph\GEPEFIC - VALIDAÇÃO ACTTRUST\GEPEFIC 38 (2022-05-10)1sec60sec.agd,60,MOS2E22180147,0,6,0,0,0,6,0,21,39,0,0,Undefined,Non-Dominant,GEPEFIC 38
2022-05-10 09:55:00,C:\Users\DEF-UFRN\Documents\ActiGraph\GEPEFIC - VALIDAÇÃO ACTTRUST\GEPEFIC 38 (2022-05-10)1sec60sec.agd,60,MOS2E22180147,0,0,0,0,0,0,0,0,60,0,0,Undefined,Non-Dominant,GEPEFIC 38
2022-05-10 09:56:00,C:\Users\DEF-UFRN\Documents\ActiGraph\GEPEFIC - VALIDAÇÃO ACTTRUST\GEPEFIC 38 (2022-05-10)1sec60sec.agd,60,MOS2E22180147,0,0,0,0,0,0,0,0,60,0,0,Undefined,Non-Dominant,GEPEFIC 38
2022-05-10 09:57:00,C:\Users\DEF-UFRN\Documents\ActiGraph\GEPEFIC - VALIDAÇÃO ACTTRUST\GEPEFIC 38 (2022-05-10)1sec60sec.agd,60,MOS2E22180147,0,0,0,0,0,0,0,37,23,0,0,Undefined,Non-Dominant,GEPEFIC 38
2022-05-10 09:58:00,C:\Users\DEF-UFRN\Documents\ActiGraph\GEPEFIC - VALIDAÇÃO ACTTRUST\GEPEFIC 38 (2022-05-10)1sec60sec.agd,60,MOS2E22180147,0,0,0,0,0,0,0,60,0,0,0,Undefined,Non-Dominant,GEPEFIC 38
2022-05-10 09:59:00,C:\Users\DEF-UFRN\Documents\ActiGraph\GEPEFIC - VALIDAÇÃO ACTTRUST\GEPEFIC 38 (2022-05-10)1sec60sec.agd,60,MOS2E22180147,0,1,0,0,0,1,0,1,59,0,0,Undefined,Non-Dominant,GEPEFIC 38
2022-05-10 10:00:00,C:\Users\DEF-UFRN\Documents\ActiGraph\GEPEFIC - VALIDAÇÃO ACTTRUST\GEPEFIC 38 (2022-05-10)1sec60sec.agd,60,MOS2E22180147,0,0,0,0,0,0,0,0,60,0,0,Undefined,Non-Dominant,GEPEFIC 38
2022-05-10 10:01:00,C:\Users\DEF-UFRN\Documents\ActiGraph\GEPEFIC - VALIDAÇÃO ACTTRUST\GEPEFIC 38 (2022-05-10)1sec60sec.agd,60,MOS2E22180147,0,0,0,0,0,0,0,0,60,0,0,Undefined,Non-Dominant,GEPEFIC 38
2022-05-10 10:02:00,C:\Users\DEF-UFRN\Documents\ActiGraph\GEPEFIC - VALIDAÇÃO ACTTRUST\GEPEFIC 38 (2022-05-10)1sec60sec.agd,60,MOS2E22180147,0,0,0,0,0,0,0,53,7,0,0,Undefined,Non-Dominant,GEPEFIC 38
2022-05-10 10:03:00,C:\Users\DEF-UFRN\Documents\ActiGraph\GEPEFIC - VALIDAÇÃO ACTTRUST\GEPEFIC 38 (2022-05-10)1sec60sec.agd,60,MOS2E22180147,0,0,0,0,0,0,0,60,0,0,0,Undefined,Non-Dominant,GEPEFIC 38
2022-05-10 10:04:00,C:\Users\DEF-UFRN\Documents\ActiGraph\GEPEFIC - VALIDAÇÃO ACTTRUST\GEPEFIC 38 (2022-05-10)1sec60sec.agd,60,MOS2E22180147,0,0,0,0,0,0,0,60,0,0,0,Undefined,Non-Dominant,GEPEFIC 38
2022-05-10 10:05:00,C:\Users\DEF-UFRN\Documents\ActiGraph\GEPEFIC - VALIDAÇÃO ACTTRUST\GEPEFIC 38 (2022-05-10)1sec60sec.agd,60,MOS2E22180147,0,0,0,0,0,0,0,52,8,0,0,Undefined,Non-Dominant,GEPEFIC 38
2022-05-10 10:06:00,C:\Users\DEF-UFRN\Documents\ActiGraph\GEPEFIC - VALIDAÇÃO ACTTRUST\GEPEFIC 38 (2022-05-10)1sec60sec.agd,60,MOS2E22180147,0,0,0,0,0,0,0,0,60,0,0,Undefined,Non-Dominant,GEPEFIC 38
2022-05-10 10:07:00,C:\Users\DEF-UFRN\Documents\ActiGraph\GEPEFIC - VALIDAÇÃO ACTTRUST\GEPEFIC 38 (2022-05-10)1sec60sec.agd,60,MOS2E22180147,0,0,0,0,0,0,0,0,60,0,0,Undefined,Non-Dominant,GEPEFIC 38
2022-05-10 10:08:00,C:\Users\DEF-UFRN\Documents\ActiGraph\GEPEFIC - VALIDAÇÃO ACTTRUST\GEPEFIC 38 (2022-05-10)1sec60sec.agd,60,MOS2E22180147,0,0,0,0,0,0,0,0,60,0,0,Undefined,Non-Dominant,GEPEFIC 38
2022-05-10 10:09:00,C:\Users\DEF-UFRN\Documents\ActiGraph\GEPEFIC - VALIDAÇÃO ACTTRUST\GEPEFIC 38 (2022-05-10)1sec60sec.agd,60,MOS2E22180147,0,0,0,0,0,0,0,0,60,0,0,Undefined,Non-Dominant,GEPEFIC 38
2022-05-10 10:10:00,C:\Users\DEF-UFRN\Documents\ActiGraph\GEPEFIC - VALIDAÇÃO ACTTRUST\GEPEFIC 38 (2022-05-10)1sec60sec.agd,60,MOS2E22180147,883,548,129,4,0,"1047,2",0,10,50,0,0,Undefined,Non-Dominant,GEPEFIC 38
2022-05-10 10:11:00,C:\Users\DEF-UFRN\Documents\ActiGraph\GEPEFIC - VALIDAÇÃO ACTTRUST\GEPEFIC 38 (2022-05-10)1sec60sec.agd,60,MOS2E22180147,3673,4073,2932,23,0,"6219,07",0,4,47,0,9,Undefined,Non-Dominant,GEPEFIC 38
2022-05-10 10:12:00,C:\Users\DEF-UFRN\Documents\ActiGraph\GEPEFIC - VALIDAÇÃO ACTTRUST\GEPEFIC 38 (2022-05-10)1sec60sec.agd,60,MOS2E22180147,1885,1904,1622,18,0,"3131,98",0,0,36,0,24,Undefined,Non-Dominant,GEPEFIC 38
2022-05-10 10:13:00,C:\Users\DEF-UFRN\Documents\ActiGraph\GEPEFIC - VALIDAÇÃO ACTTRUST\GEPEFIC 38 (2022-05-10)1sec60sec.agd,60,MOS2E22180147,1311,1533,2261,19,0,"3030,01",0,0,33,12,15,Undefined,Non-Dominant,GEPEFIC 38
2022-05-10 10:14:00,C:\Users\DEF-UFRN\Documents\ActiGraph\GEPEFIC - VALIDAÇÃO ACTTRUST\GEPEFIC 38 (2022-05-10)1sec60sec.agd,60,MOS2E22180147,6469,6729,5829,34,0,"11004,76",0,0,60,0,0,Undefined,Non-Dominant,GEPEFIC 38
2022-05-10 10:15:00,C:\Users\DEF-UFRN\Documents\ActiGraph\GEPEFIC - VALIDAÇÃO ACTTRUST\GEPEFIC 38 (2022-05-10)1sec60sec.agd,60,MOS2E22180147,1637,2134,1249,8,0,"2965,42",0,0,31,28,1,Undefined,Non-Dominant,GEPEFIC 38
2022-05-10 10:16:00,C:\Users\DEF-UFRN\Documents\ActiGraph\GEPEFIC - VALIDAÇÃO ACTTRUST\GEPEFIC 38 (2022-05-10)1sec60sec.agd,60,MOS2E22180147,1398,1782,1299,10,0,2611,0,0,38,22,0,Undefined,Non-Dominant,GEPEFIC 38
2022-05-10 10:17:00,C:\Users\DEF-UFRN\Documents\ActiGraph\GEPEFIC - VALIDAÇÃO ACTTRUST\GEPEFIC 38 (2022-05-10)1sec60sec.agd,60,MOS2E22180147,1085,1992,1091,9,0,"2517,06",0,0,35,25,0,Undefined,Non-Dominant,GEPEFIC 38
2022-05-10 10:18:00,C:\Users\DEF-UFRN\Documents\ActiGraph\GEPEFIC - VALIDAÇÃO ACTTRUST\GEPEFIC 38 (2022-05-10)1sec60sec.agd,60,MOS2E22180147,2884,3151,1904,14,0,"4676,69",0,0,39,6,15,Undefined,Non-Dominant,GEPEFIC 38
2022-05-10 10:19:00,C:\Users\DEF-UFRN\Documents\ActiGraph\GEPEFIC - VALIDAÇÃO ACTTRUST\GEPEFIC 38 (2022-05-10)1sec60sec.agd,60,MOS2E22180147,1819,3285,1692,16,0,"4118,6",0,9,33,2,16,Undefined,Non-Dominant,GEPEFIC 38
2022-05-10 10:20:00,C:\Users\DEF-UFRN\Documents\ActiGraph\GEPEFIC - VALIDAÇÃO ACTTRUST\GEPEFIC 38 (2022-05-10)1sec60sec.agd,60,MOS2E22180147,0,290,26,0,0,"291,16",0,1,0,0,59,Undefined,Non-Dominant,GEPEFIC 38
2022-05-10 10:21:00,C:\Users\DEF-UFRN\Documents\ActiGraph\GEPEFIC - VALIDAÇÃO ACTTRUST\GEPEFIC 38 (2022-05-10)1sec60sec.agd,60,MOS2E22180147,0,0,0,0,0,0,0,0,0,0,60,Undefined,Non-Dominant,GEPEFIC 38
2022-05-10 10:22:00,C:\Users\DEF-UFRN\Documents\ActiGraph\GEPEFIC - VALIDAÇÃO ACTTRUST\GEPEFIC 38 (2022-05-10)1sec60sec.agd,60,MOS2E22180147,83,74,55,0,0,"124,06",0,0,3,0,57,Undefined,Non-Dominant,GEPEFIC 38
2022-05-10 10:23:00,C:\Users\DEF-UFRN\Documents\ActiGraph\GEPEFIC - VALIDAÇÃO ACTTRUST\GEPEFIC 38 (2022-05-10)1sec60sec.agd,60,MOS2E22180147,0,0,0,0,0,0,0,0,0,0,60,Undefined,Non-Dominant,GEPEFIC 38
2022-05-10 10:24:00,C:\Users\DEF-UFRN\Documents\ActiGraph\GEPEFIC - VALIDAÇÃO ACTTRUST\GEPEFIC 38 (2022-05-10)1sec60sec.agd,60,MOS2E22180147,0,0,0,0,0,0,0,0,0,0,60,Undefined,Non-Dominant,GEPEFIC 38
2022-05-10 10:25:00,C:\Users\DEF-UFRN\Documents\ActiGraph\GEPEFIC - VALIDAÇÃO ACTTRUST\GEPEFIC 38 (2022-05-10)1sec60sec.agd,60,MOS2E22180147,0,0,0,0,0,0,0,9,0,0,51,Undefined,Non-Dominant,GEPEFIC 38
2022-05-10 10:26:00,C:\Users\DEF-UFRN\Documents\ActiGraph\GEPEFIC - VALIDAÇÃO ACTTRUST\GEPEFIC 38 (2022-05-10)1sec60sec.agd,60,MOS2E22180147,0,0,0,0,0,0,0,60,0,0,0,Undefined,Non-Dominant,GEPEFIC 38
2022-05-10 10:27:00,C:\Users\DEF-UFRN\Documents\ActiGraph\GEPEFIC - VALIDAÇÃO ACTTRUST\GEPEFIC 38 (2022-05-10)1sec60sec.agd,60,MOS2E22180147,0,0,0,0,0,0,0,60,0,0,0,Undefined,Non-Dominant,GEPEFIC 38
2022-05-10 10:28:00,C:\Users\DEF-UFRN\Documents\ActiGraph\GEPEFIC - VALIDAÇÃO ACTTRUST\GEPEFIC 38 (2022-05-10)1sec60sec.agd,60,MOS2E22180147,0,0,0,0,0,0,0,60,0,0,0,Undefined,Non-Dominant,GEPEFIC 38
2022-05-10 10:29:00,C:\Users\DEF-UFRN\Documents\ActiGraph\GEPEFIC - VALIDAÇÃO ACTTRUST\GEPEFIC 38 (2022-05-10)1sec60sec.agd,60,MOS2E22180147,0,0,0,0,0,0,0,60,0,0,0,Undefined,Non-Dominant,GEPEFIC 38
2022-05-10 10:30:00,C:\Users\DEF-UFRN\Documents\ActiGraph\GEPEFIC - VALIDAÇÃO ACTTRUST\GEPEFIC 38 (2022-05-10)1sec60sec.agd,60,MOS2E22180147,1415,862,1230,38,0,"2063,53",0,17,42,0,1,Undefined,Non-Dominant,GEPEFIC 38
2022-05-10 10:31:00,C:\Users\DEF-UFRN\Documents\ActiGraph\GEPEFIC - VALIDAÇÃO ACTTRUST\GEPEFIC 38 (2022-05-10)1sec60sec.agd,60,MOS2E22180147,1404,345,948,79,0,"1728,86",0,0,60,0,0,Undefined,Non-Dominant,GEPEFIC 38
2022-05-10 10:32:00,C:\Users\DEF-UFRN\Documents\ActiGraph\GEPEFIC - VALIDAÇÃO ACTTRUST\GEPEFIC 38 (2022-05-10)1sec60sec.agd,60,MOS2E22180147,1582,266,918,82,0,"1848,3",0,0,60,0,0,Undefined,Non-Dominant,GEPEFIC 38
2022-05-10 10:33:00,C:\Users\DEF-UFRN\Documents\ActiGraph\GEPEFIC - VALIDAÇÃO ACTTRUST\GEPEFIC 38 (2022-05-10)1sec60sec.agd,60,MOS2E22180147,1400,434,691,80,0,"1620,44",0,0,60,0,0,Undefined,Non-Dominant,GEPEFIC 38
2022-05-10 10:34:00,C:\Users\DEF-UFRN\Documents\ActiGraph\GEPEFIC - VALIDAÇÃO ACTTRUST\GEPEFIC 38 (2022-05-10)1sec60sec.agd,60,MOS2E22180147,1630,102,917,80,0,"1873,02",0,0,60,0,0,Undefined,Non-Dominant,GEPEFIC 38
2022-05-10 10:35:00,C:\Users\DEF-UFRN\Documents\ActiGraph\GEPEFIC - VALIDAÇÃO ACTTRUST\GEPEFIC 38 (2022-05-10)1sec60sec.agd,60,MOS2E22180147,1544,495,933,78,0,"1870,68",0,0,60,0,0,Undefined,Non-Dominant,GEPEFIC 38
2022-05-10 10:36:00,C:\Users\DEF-UFRN\Documents\ActiGraph\GEPEFIC - VALIDAÇÃO ACTTRUST\GEPEFIC 38 (2022-05-10)1sec60sec.agd,60,MOS2E22180147,1547,432,1005,83,0,"1894,69",0,0,60,0,0,Undefined,Non-Dominant,GEPEFIC 38
2022-05-10 10:37:00,C:\Users\DEF-UFRN\Documents\ActiGraph\GEPEFIC - VALIDAÇÃO ACTTRUST\GEPEFIC 38 (2022-05-10)1sec60sec.agd,60,MOS2E22180147,1507,231,892,81,0,"1766,37",0,0,60,0,0,Undefined,Non-Dominant,GEPEFIC 38
2022-05-10 10:38:00,C:\Users\DEF-UFRN\Documents\ActiGraph\GEPEFIC - VALIDAÇÃO ACTTRUST\GEPEFIC 38 (2022-05-10)1sec60sec.agd,60,MOS2E22180147,1538,205,880,79,0,"1783,78",0,0,60,0,0,Undefined,Non-Dominant,GEPEFIC 38
2022-05-10 10:39:00,C:\Users\DEF-UFRN\Documents\ActiGraph\GEPEFIC - VALIDAÇÃO ACTTRUST\GEPEFIC 38 (2022-05-10)1sec60sec.agd,60,MOS2E22180147,1868,371,734,81,0,"2041,03",0,0,60,0,0,Undefined,Non-Dominant,GEPEFIC 38
2022-05-10 10:40:00,C:\Users\DEF-UFRN\Documents\ActiGraph\GEPEFIC - VALIDAÇÃO ACTTRUST\GEPEFIC 38 (2022-05-10)1sec60sec.agd,60,MOS2E22180147,1331,491,723,60,0,"1592,28",0,0,60,0,0,Undefined,Non-Dominant,GEPEFIC 38
2022-05-10 10:41:00,C:\Users\DEF-UFRN\Documents\ActiGraph\GEPEFIC - VALIDAÇÃO ACTTRUST\GEPEFIC 38 (2022-05-10)1sec60sec.agd,60,MOS2E22180147,690,548,373,5,0,"956,83",0,0,58,2,0,Undefined,Non-Dominant,GEPEFIC 38
2022-05-10 10:42:00,C:\Users\DEF-UFRN\Documents\ActiGraph\GEPEFIC - VALIDAÇÃO ACTTRUST\GEPEFIC 38 (2022-05-10)1sec60sec.agd,60,MOS2E22180147,164,211,104,2,0,"286,76",0,0,59,1,0,Undefined,Non-Dominant,GEPEFIC 38
2022-05-10 10:43:00,C:\Users\DEF-UFRN\Documents\ActiGraph\GEPEFIC - VALIDAÇÃO ACTTRUST\GEPEFIC 38 (2022-05-10)1sec60sec.agd,60,MOS2E22180147,0,81,35,0,0,"88,24",0,0,60,0,0,Undefined,Non-Dominant,GEPEFIC 38
2022-05-10 10:44:00,C:\Users\DEF-UFRN\Documents\ActiGraph\GEPEFIC - VALIDAÇÃO ACTTRUST\GEPEFIC 38 (2022-05-10)1sec60sec.agd,60,MOS2E22180147,0,75,54,0,0,"92,42",0,0,56,4,0,Undefined,Non-Dominant,GEPEFIC 38
2022-05-10 10:45:00,C:\Users\DEF-UFRN\Documents\ActiGraph\GEPEFIC - VALIDAÇÃO ACTTRUST\GEPEFIC 38 (2022-05-10)1sec60sec.agd,60,MOS2E22180147,460,390,369,4,0,"707,01",0,0,54,5,1,Undefined,Non-Dominant,GEPEFIC 38
2022-05-10 10:46:00,C:\Users\DEF-UFRN\Documents\ActiGraph\GEPEFIC - VALIDAÇÃO ACTTRUST\GEPEFIC 38 (2022-05-10)1sec60sec.agd,60,MOS2E22180147,187,285,131,4,0,"365,18",0,0,59,1,0,Undefined,Non-Dominant,GEPEFIC 38
2022-05-10 10:47:00,C:\Users\DEF-UFRN\Documents\ActiGraph\GEPEFIC - VALIDAÇÃO ACTTRUST\GEPEFIC 38 (2022-05-10)1sec60sec.agd,60,MOS2E22180147,1052,770,933,37,0,"1603,15",0,0,60,0,0,Undefined,Non-Dominant,GEPEFIC 38
2022-05-10 10:48:00,C:\Users\DEF-UFRN\Documents\ActiGraph\GEPEFIC - VALIDAÇÃO ACTTRUST\GEPEFIC 38 (2022-05-10)1sec60sec.agd,60,MOS2E22180147,3699,1692,2635,91,0,"4846,51",0,0,60,0,0,Undefined,Non-Dominant,GEPEFIC 38
2022-05-10 10:49:00,C:\Users\DEF-UFRN\Documents\ActiGraph\GEPEFIC - VALIDAÇÃO ACTTRUST\GEPEFIC 38 (2022-05-10)1sec60sec.agd,60,MOS2E22180147,3169,1901,2146,104,0,"4273,37",0,0,60,0,0,Undefined,Non-Dominant,GEPEFIC 38
2022-05-10 10:50:00,C:\Users\DEF-UFRN\Documents\ActiGraph\GEPEFIC - VALIDAÇÃO ACTTRUST\GEPEFIC 38 (2022-05-10)1sec60sec.agd,60,MOS2E22180147,2804,1595,2286,97,0,"3953,76",0,0,60,0,0,Undefined,Non-Dominant,GEPEFIC 38
2022-05-10 10:51:00,C:\Users\DEF-UFRN\Documents\ActiGraph\GEPEFIC - VALIDAÇÃO ACTTRUST\GEPEFIC 38 (2022-05-10)1sec60sec.agd,60,MOS2E22180147,2914,1556,2367,101,0,"4063,89",0,0,60,0,0,Undefined,Non-Dominant,GEPEFIC 38
2022-05-10 10:52:00,C:\Users\DEF-UFRN\Documents\ActiGraph\GEPEFIC - VALIDAÇÃO ACTTRUST\GEPEFIC 38 (2022-05-10)1sec60sec.agd,60,MOS2E22180147,2908,1554,1887,99,0,"3798,97",0,0,60,0,0,Undefined,Non-Dominant,GEPEFIC 38
2022-05-10 10:53:00,C:\Users\DEF-UFRN\Documents\ActiGraph\GEPEFIC - VALIDAÇÃO ACTTRUST\GEPEFIC 38 (2022-05-10)1sec60sec.agd,60,MOS2E22180147,2809,1638,1750,89,0,"3692,7",0,0,60,0,0,Undefined,Non-Dominant,GEPEFIC 38
2022-05-10 10:54:00,C:\Users\DEF-UFRN\Documents\ActiGraph\GEPEFIC - VALIDAÇÃO ACTTRUST\GEPEFIC 38 (2022-05-10)1sec60sec.agd,60,MOS2E22180147,2681,1908,1805,95,0,"3753,17",0,0,60,0,0,Undefined,Non-Dominant,GEPEFIC 38
2022-05-10 10:55:00,C:\Users\DEF-UFRN\Documents\ActiGraph\GEPEFIC - VALIDAÇÃO ACTTRUST\GEPEFIC 38 (2022-05-10)1sec60sec.agd,60,MOS2E22180147,3075,2666,1643,108,0,"4388,92",0,0,60,0,0,Undefined,Non-Dominant,GEPEFIC 38
2022-05-10 10:56:00,C:\Users\DEF-UFRN\Documents\ActiGraph\GEPEFIC - VALIDAÇÃO ACTTRUST\GEPEFIC 38 (2022-05-10)1sec60sec.agd,60,MOS2E22180147,3005,2632,1619,109,0,"4310,29",0,0,60,0,0,Undefined,Non-Dominant,GEPEFIC 38
2022-05-10 10:57:00,C:\Users\DEF-UFRN\Documents\ActiGraph\GEPEFIC - VALIDAÇÃO ACTTRUST\GEPEFIC 38 (2022-05-10)1sec60sec.agd,60,MOS2E22180147,2717,1885,1471,88,0,"3619,28",0,0,58,2,0,Undefined,Non-Dominant,GEPEFIC 38
2022-05-10 10:58:00,C:\Users\DEF-UFRN\Documents\ActiGraph\GEPEFIC - VALIDAÇÃO ACTTRUST\GEPEFIC 38 (2022-05-10)1sec60sec.agd,60,MOS2E22180147,902,828,525,7,0,"1332,22",0,0,49,11,0,Undefined,Non-Dominant,GEPEFIC 38
2022-05-10 10:59:00,C:\Users\DEF-UFRN\Documents\ActiGraph\GEPEFIC - VALIDAÇÃO ACTTRUST\GEPEFIC 38 (2022-05-10)1sec60sec.agd,60,MOS2E22180147,141,222,69,2,0,"271,89",0,0,56,4,0,Undefined,Non-Dominant,GEPEFIC 38
2022-05-10 11:00:00,C:\Users\DEF-UFRN\Documents\ActiGraph\GEPEFIC - VALIDAÇÃO ACTTRUST\GEPEFIC 38 (2022-05-10)1sec60sec.agd,60,MOS2E22180147,6,48,65,0,0,"81,02",0,0,57,3,0,Undefined,Non-Dominant,GEPEFIC 38
2022-05-10 11:01:00,C:\Users\DEF-UFRN\Documents\ActiGraph\GEPEFIC - VALIDAÇÃO ACTTRUST\GEPEFIC 38 (2022-05-10)1sec60sec.agd,60,MOS2E22180147,0,264,29,0,0,"265,59",0,0,60,0,0,Undefined,Non-Dominant,GEPEFIC 38
2022-05-10 11:02:00,C:\Users\DEF-UFRN\Documents\ActiGraph\GEPEFIC - VALIDAÇÃO ACTTRUST\GEPEFIC 38 (2022-05-10)1sec60sec.agd,60,MOS2E22180147,2482,2327,839,29,0,"3504,17",0,0,60,0,0,Undefined,Non-Dominant,GEPEFIC 38
2022-05-10 11:03:00,C:\Users\DEF-UFRN\Documents\ActiGraph\GEPEFIC - VALIDAÇÃO ACTTRUST\GEPEFIC 38 (2022-05-10)1sec60sec.agd,60,MOS2E22180147,7636,8293,3631,87,0,"11843,42",0,0,60,0,0,Undefined,Non-Dominant,GEPEFIC 38
2022-05-10 11:04:00,C:\Users\DEF-UFRN\Documents\ActiGraph\GEPEFIC - VALIDAÇÃO ACTTRUST\GEPEFIC 38 (2022-05-10)1sec60sec.agd,60,MOS2E22180147,14594,11812,2707,75,0,"18969,34",0,0,60,0,0,Undefined,Non-Dominant,GEPEFIC 38
2022-05-10 11:05:00,C:\Users\DEF-UFRN\Documents\ActiGraph\GEPEFIC - VALIDAÇÃO ACTTRUST\GEPEFIC 38 (2022-05-10)1sec60sec.agd,60,MOS2E22180147,17667,13190,2798,72,0,"22224,49",0,0,60,0,0,Undefined,Non-Dominant,GEPEFIC 38
2022-05-10 11:06:00,C:\Users\DEF-UFRN\Documents\ActiGraph\GEPEFIC - VALIDAÇÃO ACTTRUST\GEPEFIC 38 (2022-05-10)1sec60sec.agd,60,MOS2E22180147,18276,12929,3838,76,0,"22713,46",0,0,60,0,0,Undefined,Non-Dominant,GEPEFIC 38
2022-05-10 11:07:00,C:\Users\DEF-UFRN\Documents\ActiGraph\GEPEFIC - VALIDAÇÃO ACTTRUST\GEPEFIC 38 (2022-05-10)1sec60sec.agd,60,MOS2E22180147,19349,13833,4268,76,0,"24165,09",0,0,60,0,0,Undefined,Non-Dominant,GEPEFIC 38
2022-05-10 11:08:00,C:\Users\DEF-UFRN\Documents\ActiGraph\GEPEFIC - VALIDAÇÃO ACTTRUST\GEPEFIC 38 (2022-05-10)1sec60sec.agd,60,MOS2E22180147,20342,14315,4456,76,0,"25269,98",0,0,60,0,0,Undefined,Non-Dominant,GEPEFIC 38
2022-05-10 11:09:00,C:\Users\DEF-UFRN\Documents\ActiGraph\GEPEFIC - VALIDAÇÃO ACTTRUST\GEPEFIC 38 (2022-05-10)1sec60sec.agd,60,MOS2E22180147,21599,14965,5643,76,0,"26875,85",0,0,60,0,0,Undefined,Non-Dominant,GEPEFIC 38
2022-05-10 11:10:00,C:\Users\DEF-UFRN\Documents\ActiGraph\GEPEFIC - VALIDAÇÃO ACTTRUST\GEPEFIC 38 (2022-05-10)1sec60sec.agd,60,MOS2E22180147,21037,14563,4628,77,0,"26001,05",0,0,60,0,0,Undefined,Non-Dominant,GEPEFIC 38
2022-05-10 11:11:00,C:\Users\DEF-UFRN\Documents\ActiGraph\GEPEFIC - VALIDAÇÃO ACTTRUST\GEPEFIC 38 (2022-05-10)1sec60sec.agd,60,MOS2E22180147,20642,14634,4907,77,0,"25774,5",0,0,60,0,0,Undefined,Non-Dominant,GEPEFIC 38
2022-05-10 11:12:00,C:\Users\DEF-UFRN\Documents\ActiGraph\GEPEFIC - VALIDAÇÃO ACTTRUST\GEPEFIC 38 (2022-05-10)1sec60sec.agd,60,MOS2E22180147,18363,13709,4692,72,0,"23391,27",0,0,59,1,0,Undefined,Non-Dominant,GEPEFIC 38
2022-05-10 11:13:00,C:\Users\DEF-UFRN\Documents\ActiGraph\GEPEFIC - VALIDAÇÃO ACTTRUST\GEPEFIC 38 (2022-05-10)1sec60sec.agd,60,MOS2E22180147,4854,4324,2678,15,0,"7030,65",0,0,47,13,0,Undefined,Non-Dominant,GEPEFIC 38
2022-05-10 11:14:00,C:\Users\DEF-UFRN\Documents\ActiGraph\GEPEFIC - VALIDAÇÃO ACTTRUST\GEPEFIC 38 (2022-05-10)1sec60sec.agd,60,MOS2E22180147,3650,3811,1781,10,0,"5569,4",0,0,36,22,2,Undefined,Non-Dominant,GEPEFIC 38
2022-05-10 11:15:00,C:\Users\DEF-UFRN\Documents\ActiGraph\GEPEFIC - VALIDAÇÃO ACTTRUST\GEPEFIC 38 (2022-05-10)1sec60sec.agd,60,MOS2E22180147,3250,2696,2060,14,0,"4698,35",0,0,38,20,2,Undefined,Non-Dominant,GEPEFIC 38
2022-05-10 11:16:00,C:\Users\DEF-UFRN\Documents\ActiGraph\GEPEFIC - VALIDAÇÃO ACTTRUST\GEPEFIC 38 (2022-05-10)1sec60sec.agd,60,MOS2E22180147,2179,2290,1556,15,0,"3523,25",0,0,31,29,0,Undefined,Non-Dominant,GEPEFIC 38
2022-05-10 11:17:00,C:\Users\DEF-UFRN\Documents\ActiGraph\GEPEFIC - VALIDAÇÃO ACTTRUST\GEPEFIC 38 (2022-05-10)1sec60sec.agd,60,MOS2E22180147,4382,3935,1782,19,0,"6153,18",0,0,57,2,1,Undefined,Non-Dominant,GEPEFIC 38
2022-05-10 11:18:00,C:\Users\DEF-UFRN\Documents\ActiGraph\GEPEFIC - VALIDAÇÃO ACTTRUST\GEPEFIC 38 (2022-05-10)1sec60sec.agd,60,MOS2E22180147,20357,13578,5687,79,0,"25121,93",0,0,60,0,0,Undefined,Non-Dominant,GEPEFIC 38
2022-05-10 11:19:00,C:\Users\DEF-UFRN\Documents\ActiGraph\GEPEFIC - VALIDAÇÃO ACTTRUST\GEPEFIC 38 (2022-05-10)1sec60sec.agd,60,MOS2E22180147,20079,13544,5157,78,0,"24762,89",0,0,60,0,0,Undefined,Non-Dominant,GEPEFIC 38
2022-05-10 11:20:00,C:\Users\DEF-UFRN\Documents\ActiGraph\GEPEFIC - VALIDAÇÃO ACTTRUST\GEPEFIC 38 (2022-05-10)1sec60sec.agd,60,MOS2E22180147,21451,14081,6387,79,0,"26442,65",0,0,60,0,0,Undefined,Non-Dominant,GEPEFIC 38
2022-05-10 11:21:00,C:\Users\DEF-UFRN\Documents\ActiGraph\GEPEFIC - VALIDAÇÃO ACTTRUST\GEPEFIC 38 (2022-05-10)1sec60sec.agd,60,MOS2E22180147,26381,16423,7689,78,0,"32012,39",0,0,60,0,0,Undefined,Non-Dominant,GEPEFIC 38
2022-05-10 11:22:00,C:\Users\DEF-UFRN\Documents\ActiGraph\GEPEFIC - VALIDAÇÃO ACTTRUST\GEPEFIC 38 (2022-05-10)1sec60sec.agd,60,MOS2E22180147,25141,15580,6493,79,0,"30281,44",0,0,60,0,0,Undefined,Non-Dominant,GEPEFIC 38
2022-05-10 11:23:00,C:\Users\DEF-UFRN\Documents\ActiGraph\GEPEFIC - VALIDAÇÃO ACTTRUST\GEPEFIC 38 (2022-05-10)1sec60sec.agd,60,MOS2E22180147,26901,16934,6033,77,0,"32354,62",0,0,60,0,0,Undefined,Non-Dominant,GEPEFIC 38
2022-05-10 11:24:00,C:\Users\DEF-UFRN\Documents\ActiGraph\GEPEFIC - VALIDAÇÃO ACTTRUST\GEPEFIC 38 (2022-05-10)1sec60sec.agd,60,MOS2E22180147,26647,17475,6320,77,0,"32486,62",0,0,60,0,0,Undefined,Non-Dominant,GEPEFIC 38
2022-05-10 11:25:00,C:\Users\DEF-UFRN\Documents\ActiGraph\GEPEFIC - VALIDAÇÃO ACTTRUST\GEPEFIC 38 (2022-05-10)1sec60sec.agd,60,MOS2E22180147,25661,16408,6364,76,0,"31116,07",0,0,60,0,0,Undefined,Non-Dominant,GEPEFIC 38
2022-05-10 11:26:00,C:\Users\DEF-UFRN\Documents\ActiGraph\GEPEFIC - VALIDAÇÃO ACTTRUST\GEPEFIC 38 (2022-05-10)1sec60sec.agd,60,MOS2E22180147,25270,17423,6592,77,0,"31394,08",0,0,60,0,0,Undefined,Non-Dominant,GEPEFIC 38
2022-05-10 11:27:00,C:\Users\DEF-UFRN\Documents\ActiGraph\GEPEFIC - VALIDAÇÃO ACTTRUST\GEPEFIC 38 (2022-05-10)1sec60sec.agd,60,MOS2E22180147,23131,16300,5414,76,0,"28810,49",0,0,60,0,0,Undefined,Non-Dominant,GEPEFIC 38
2022-05-10 11:28:00,C:\Users\DEF-UFRN\Documents\ActiGraph\GEPEFIC - VALIDAÇÃO ACTTRUST\GEPEFIC 38 (2022-05-10)1sec60sec.agd,60,MOS2E22180147,3294,2920,1929,15,0,"4806,03",0,0,39,17,4,Undefined,Non-Dominant,GEPEFIC 38
2022-05-10 11:29:00,C:\Users\DEF-UFRN\Documents\ActiGraph\GEPEFIC - VALIDAÇÃO ACTTRUST\GEPEFIC 38 (2022-05-10)1sec60sec.agd,60,MOS2E22180147,1034,1118,475,5,0,"1595,21",0,0,12,35,13,Undefined,Non-Dominant,GEPEFIC 38
2022-05-10 11:30:00,C:\Users\DEF-UFRN\Documents\ActiGraph\GEPEFIC - VALIDAÇÃO ACTTRUST\GEPEFIC 38 (2022-05-10)1sec60sec.agd,60,MOS2E22180147,1710,2278,840,6,0,"2969,68",0,0,19,41,0,Undefined,Non-Dominant,GEPEFIC 38
2022-05-10 11:31:00,C:\Users\DEF-UFRN\Documents\ActiGraph\GEPEFIC - VALIDAÇÃO ACTTRUST\GEPEFIC 38 (2022-05-10)1sec60sec.agd,60,MOS2E22180147,1252,1505,1173,6,0,"2282,2",0,0,16,43,1,Undefined,Non-Dominant,GEPEFIC 38
2022-05-10 11:32:00,C:\Users\DEF-UFRN\Documents\ActiGraph\GEPEFIC - VALIDAÇÃO ACTTRUST\GEPEFIC 38 (2022-05-10)1sec60sec.agd,60,MOS2E22180147,4472,3888,2420,16,0,"6400,92",0,0,42,16,2,Undefined,Non-Dominant,GEPEFIC 38
2022-05-10 11:33:00,C:\Users\DEF-UFRN\Documents\ActiGraph\GEPEFIC - VALIDAÇÃO ACTTRUST\GEPEFIC 38 (2022-05-10)1sec60sec.agd,60,MOS2E22180147,5542,3138,6100,35,0,"8818,78",0,0,53,4,3,Undefined,Non-Dominant,GEPEFIC 38
2022-05-10 11:34:00,C:\Users\DEF-UFRN\Documents\ActiGraph\GEPEFIC - VALIDAÇÃO ACTTRUST\GEPEFIC 38 (2022-05-10)1sec60sec.agd,60,MOS2E22180147,3811,3670,3943,21,0,"6598,47",0,0,51,7,2,Undefined,Non-Dominant,GEPEFIC 38
2022-05-10 11:35:00,C:\Users\DEF-UFRN\Documents\ActiGraph\GEPEFIC - VALIDAÇÃO ACTTRUST\GEPEFIC 38 (2022-05-10)1sec60sec.agd,60,MOS2E22180147,109,175,177,1,0,"271,73",0,0,3,57,0,Undefined,Non-Dominant,GEPEFIC 38
2022-05-10 11:36:00,C:\Users\DEF-UFRN\Documents\ActiGraph\GEPEFIC - VALIDAÇÃO ACTTRUST\GEPEFIC 38 (2022-05-10)1sec60sec.agd,60,MOS2E22180147,565,700,463,2,0,"1011,73",0,0,8,52,0,Undefined,Non-Dominant,GEPEFIC 38
2022-05-10 11:37:00,C:\Users\DEF-UFRN\Documents\ActiGraph\GEPEFIC - VALIDAÇÃO ACTTRUST\GEPEFIC 38 (2022-05-10)1sec60sec.agd,60,MOS2E22180147,0,43,0,0,0,43,0,0,60,0,0,Undefined,Non-Dominant,GEPEFIC 38
2022-05-10 11:38:00,C:\Users\DEF-UFRN\Documents\ActiGraph\GEPEFIC - VALIDAÇÃO ACTTRUST\GEPEFIC 38 (2022-05-10)1sec60sec.agd,60,MOS2E22180147,2032,2214,1855,14,0,"3531,55",0,0,60,0,0,Undefined,Non-Dominant,GEPEFIC 38
2022-05-10 11:39:00,C:\Users\DEF-UFRN\Documents\ActiGraph\GEPEFIC - VALIDAÇÃO ACTTRUST\GEPEFIC 38 (2022-05-10)1sec60sec.agd,60,MOS2E22180147,1536,1176,2015,12,1,"2793,3",0,0,23,0,37,Undefined,Non-Dominant,GEPEFIC 38
2022-05-10 11:40:00,C:\Users\DEF-UFRN\Documents\ActiGraph\GEPEFIC - VALIDAÇÃO ACTTRUST\GEPEFIC 38 (2022-05-10)1sec60sec.agd,60,MOS2E22180147,257,176,6,1,0,"311,55",0,0,3,57,0,Undefined,Non-Dominant,GEPEFIC 38
2022-05-10 11:41:00,C:\Users\DEF-UFRN\Documents\ActiGraph\GEPEFIC - VALIDAÇÃO ACTTRUST\GEPEFIC 38 (2022-05-10)1sec60sec.agd,60,MOS2E22180147,1054,1084,912,11,0,"1765,71",0,0,15,45,0,Undefined,Non-Dominant,GEPEFIC 38
2022-05-10 11:42:00,C:\Users\DEF-UFRN\Documents\ActiGraph\GEPEFIC - VALIDAÇÃO ACTTRUST\GEPEFIC 38 (2022-05-10)1sec60sec.agd,60,MOS2E22180147,603,827,610,4,3,"1191,49",0,51,8,1,0,Undefined,Non-Dominant,GEPEFIC 38
2022-05-10 11:43:00,C:\Users\DEF-UFRN\Documents\ActiGraph\GEPEFIC - VALIDAÇÃO ACTTRUST\GEPEFIC 38 (2022-05-10)1sec60sec.agd,60,MOS2E22180147,0,0,0,0,0,0,0,60,0,0,0,Undefined,Non-Dominant,GEPEFIC 38
2022-05-10 11:44:00,C:\Users\DEF-UFRN\Documents\ActiGraph\GEPEFIC - VALIDAÇÃO ACTTRUST\GEPEFIC 38 (2022-05-10)1sec60sec.agd,60,MOS2E22180147,0,0,0,0,0,0,0,60,0,0,0,Undefined,Non-Dominant,GEPEFIC 38
2022-05-10 11:45:00,C:\Users\DEF-UFRN\Documents\ActiGraph\GEPEFIC - VALIDAÇÃO ACTTRUST\GEPEFIC 38 (2022-05-10)1sec60sec.agd,60,MOS2E22180147,0,0,0,0,0,0,0,60,0,0,0,Undefined,Non-Dominant,GEPEFIC 38
2022-05-10 11:46:00,C:\Users\DEF-UFRN\Documents\ActiGraph\GEPEFIC - VALIDAÇÃO ACTTRUST\GEPEFIC 38 (2022-05-10)1sec60sec.agd,60,MOS2E22180147,135,56,119,1,0,"188,47",0,29,3,28,0,Undefined,Non-Dominant,GEPEFIC 38
2022-05-10 11:47:00,C:\Users\DEF-UFRN\Documents\ActiGraph\GEPEFIC - VALIDAÇÃO ACTTRUST\GEPEFIC 38 (2022-05-10)1sec60sec.agd,60,MOS2E22180147,40,88,57,1,0,"112,22",0,0,3,57,0,Undefined,Non-Dominant,GEPEFIC 38
2022-05-10 11:48:00,C:\Users\DEF-UFRN\Documents\ActiGraph\GEPEFIC - VALIDAÇÃO ACTTRUST\GEPEFIC 38 (2022-05-10)1sec60sec.agd,60,MOS2E22180147,66,8,89,1,0,"111,09",0,0,2,58,0,Undefined,Non-Dominant,GEPEFIC 38
2022-05-10 11:49:00,C:\Users\DEF-UFRN\Documents\ActiGraph\GEPEFIC - VALIDAÇÃO ACTTRUST\GEPEFIC 38 (2022-05-10)1sec60sec.agd,60,MOS2E22180147,193,398,317,6,0,"544,19",0,0,14,46,0,Undefined,Non-Dominant,GEPEFIC 38
2022-05-10 11:50:00,C:\Users\DEF-UFRN\Documents\ActiGraph\GEPEFIC - VALIDAÇÃO ACTTRUST\GEPEFIC 38 (2022-05-10)1sec60sec.agd,60,MOS2E22180147,1307,1279,1095,50,0,"2131,46",0,0,45,15,0,Undefined,Non-Dominant,GEPEFIC 38
2022-05-10 11:51:00,C:\Users\DEF-UFRN\Documents\ActiGraph\GEPEFIC - VALIDAÇÃO ACTTRUST\GEPEFIC 38 (2022-05-10)1sec60sec.agd,60,MOS2E22180147,2270,2128,2741,19,1187,"4146,61",0,0,31,14,15,Undefined,Non-Dominant,GEPEFIC 38
2022-05-10 11:52:00,C:\Users\DEF-UFRN\Documents\ActiGraph\GEPEFIC - VALIDAÇÃO ACTTRUST\GEPEFIC 38 (2022-05-10)1sec60sec.agd,60,MOS2E22180147,5525,6142,6769,52,2739,"10680,32",1,1,58,1,0,Undefined,Non-Dominant,GEPEFIC 38
2022-05-10 11:53:00,C:\Users\DEF-UFRN\Documents\ActiGraph\GEPEFIC - VALIDAÇÃO ACTTRUST\GEPEFIC 38 (2022-05-10)1sec60sec.agd,60,MOS2E22180147,3302,3668,2661,37,0,"5606,99",1,0,49,11,0,Undefined,Non-Dominant,GEPEFIC 38
2022-05-10 11:54:00,C:\Users\DEF-UFRN\Documents\ActiGraph\GEPEFIC - VALIDAÇÃO ACTTRUST\GEPEFIC 38 (2022-05-10)1sec60sec.agd,60,MOS2E22180147,3111,2856,3294,31,32,"5355,88",1,19,38,3,0,Undefined,Non-Dominant,GEPEFIC 38
2022-05-10 11:55:00,C:\Users\DEF-UFRN\Documents\ActiGraph\GEPEFIC - VALIDAÇÃO ACTTRUST\GEPEFIC 38 (2022-05-10)1sec60sec.agd,60,MOS2E22180147,5651,5334,10333,63,15,"12928,89",1,0,58,2,0,Undefined,Non-Dominant,GEPEFIC 38
2022-05-10 11:56:00,C:\Users\DEF-UFRN\Documents\ActiGraph\GEPEFIC - VALIDAÇÃO ACTTRUST\GEPEFIC 38 (2022-05-10)1sec60sec.agd,60,MOS2E22180147,1881,1849,1677,13,0,"3125,59",1,23,32,4,1,Undefined,Non-Dominant,GEPEFIC 38
2022-05-10 11:57:00,C:\Users\DEF-UFRN\Documents\ActiGraph\GEPEFIC - VALIDAÇÃO ACTTRUST\GEPEFIC 38 (2022-05-10)1sec60sec.agd,60,MOS2E22180147,272,3,16,0,0,"272,49",0,36,24,0,0,Undefined,Non-Dominant,GEPEFIC 38
2022-05-10 11:58:00,C:\Users\DEF-UFRN\Documents\ActiGraph\GEPEFIC - VALIDAÇÃO ACTTRUST\GEPEFIC 38 (2022-05-10)1sec60sec.agd,60,MOS2E22180147,0,0,0,0,0,0,0,60,0,0,0,Undefined,Non-Dominant,GEPEFIC 38
2022-05-10 11:59:00,C:\Users\DEF-UFRN\Documents\ActiGraph\GEPEFIC - VALIDAÇÃO ACTTRUST\GEPEFIC 38 (2022-05-10)1sec60sec.agd,60,MOS2E22180147,0,0,0,0,0,0,0,60,0,0,0,Undefined,Non-Dominant,GEPEFIC 38
2022-05-10 12:00:00,C:\Users\DEF-UFRN\Documents\ActiGraph\GEPEFIC - VALIDAÇÃO ACTTRUST\GEPEFIC 38 (2022-05-10)1sec60sec.agd,60,MOS2E22180147,0,0,0,0,0,0,0,14,0,0,0,Undefined,Non-Dominant,GEPEFIC 38
